Store Type,Total_Revenue_USD,Total_Profit_USD,Order_Count,Units_Sold
Online,11666662.693315282,6827392.189567038,5580,41311
Physical,45864676.210043296,26874150.398418143,20746,156446
